"Pool","Development Right","Jurisdiction","Balance Remaining","# of Trans","Comments","Active?"
"Commercial Floor Area (CFA) - Bijou/Al Tahoe Community Plan","Commercial Floor Area (CFA)","City of South Lake Tahoe (CSLT)","6,150","2","","Yes"
"Commercial Floor Area (CFA) - California North Stateline Town Center (inactive)","Commercial Floor Area (CFA)","Placer County, CA (PLCO)","0","0","Formerly called the ""CA North Stateline Community Plan (032), which was separated from the NV North Stateline CP as part of the RPU.

4500 sf were in this pool at the time of the RPU. 

With the adoption of the Placer County Tahoe Basin Area Plan, this pool was retired and moved into the ""North Tahoe East Mixed Use Subdistrict""","No"
"Commercial Floor Area (CFA) - Carnelian Bay Community Plan (inactive)","Commercial Floor Area (CFA)","Placer County, CA (PLCO)","0","0","This pool became inactive with the adoption of the Placer County Area Plan. At the time it was inactivated it had 1,250 sf of CFA in it which was moved to the Placer County General CFA Pool.","No"
"Commercial Floor Area (CFA) - CSLT 2007 EIP Second Round","Commercial Floor Area (CFA)","City of South Lake Tahoe (CSLT)","6,883","4","","Yes"
"Commercial Floor Area (CFA) - CSLT Accomplishment of EIP in CP","Commercial Floor Area (CFA)","City of South Lake Tahoe (CSLT)","0","4","","Yes"
"Commercial Floor Area (CFA) - CSLT Area Outside of CPS","Commercial Floor Area (CFA)","City of South Lake Tahoe (CSLT)","0","0","","Yes"
"Commercial Floor Area (CFA) - CSLT Community Plan Recharge","Commercial Floor Area (CFA)","City of South Lake Tahoe (CSLT)","636","8","","Yes"
"Commercial Floor Area (CFA) - CSLT Pre CP Adoption","Commercial Floor Area (CFA)","City of South Lake Tahoe (CSLT)","0","0","","Yes"
"Commercial Floor Area (CFA) - Douglas non-community plan (inactive)","Commercial Floor Area (CFA)","Douglas County, NV (DGCO)","0","0","","No"
"Commercial Floor Area (CFA) - El Dorado non-community plan","Commercial Floor Area (CFA)","El Dorado County, CA (ELDO)","0","0","","Yes"
"Commercial Floor Area (CFA) - Greater Tahoe City Mixed Use Subdistrict","Commercial Floor Area (CFA)","Placer County, CA (PLCO)","19,655","1","This pool was formerly called ""Tahoe City Community Plan"" but was renamed in 2018 to align with the new Placer County Area Plan.","Yes"
"Commercial Floor Area (CFA) - Incline Village Com. Community Plan (inactive)","Commercial Floor Area (CFA)","Washoe County, NV (WACO)","0","0","This pool became inactive once the Washoe County Tahoe Area Plan was adopted in May 2021.","No"
"Commercial Floor Area (CFA) - Incline Village Tourist Community Plan (inactive)","Commercial Floor Area (CFA)","Washoe County, NV (WACO)","0","0","This pool became inactive once the Washoe County Tahoe Area Plan was adopted in May 2021.","No"
"Commercial Floor Area (CFA) - Kings Beach Ind. Community Plan (inactive)","Commercial Floor Area (CFA)","Placer County, CA (PLCO)","0","0","This pool was made inactive due to the adoption of the Placer County Area Plan which replaced all community plans and plan area statements within Placer County. The remaining 3,456 sf of CFA in this pool was transferred to the Placer County General CFA pool.","No"
"Commercial Floor Area (CFA) - Kingsbury Community Plan (inactive)","Commercial Floor Area (CFA)","Douglas County, NV (DGCO)","0","0","This pool was consolidated into the South Shore Area Plan pool when the Area Plan was adopted","No"
"Commercial Floor Area (CFA) - Meyers Area Plan","Commercial Floor Area (CFA)","El Dorado County, CA (ELDO)","33,395","2","This pool was formerly called the ""Meyers Community Plan"" and was renamed with the adoption of the Meyers Area Plan.","Yes"
"Commercial Floor Area (CFA) - North Stateline Community Plan (033)  (inactive)","Commercial Floor Area (CFA)","Washoe County, NV (WACO)","0","0","This pool became inactive once the Washoe County Tahoe Area Plan was adopted in May 2021.","No"
"Commercial Floor Area (CFA) - North Tahoe East Mixed Use Subdistrict","Commercial Floor Area (CFA)","Placer County, CA (PLCO)","25,316","0","This pool was formerly called ""Kings Beach Community Plan"" and the name was changed in 2018 to align with the new Placer County Area Plan.
4500 sf of CFA from CA North Stateline CP pool were moved into this pool with the adoption of the Placer County Tahoe Basin Area Plan. Original CA North Stateline Pool with 4,500 sf CFA was also combined into this pool.
","Yes"
"Commercial Floor Area (CFA) - Placer County Area Wide","Commercial Floor Area (CFA)","Placer County, CA (PLCO)","24,348","6","This pool was formerly called ""Placer non-community plan"" and the title was changed to reflect adoption of the Placer County Area Plan which supersedes and replaces the former Placer County community plans and plan area statements.","Yes"
"Commercial Floor Area (CFA) - Ponderosa Ranch Community Plan (inactive)","Commercial Floor Area (CFA)","Washoe County, NV (WACO)","0","0","The 8,000 square feet of CFA that was in this pool was moved to the Tahoe Area Plan CFA pool once that area plan was adopted and this pool was made inactive.

The 8,000 sf that was in this pool was from a return of CFA from the expired Incline Industrial Park permit (TRPA File 20020056STD, APN 130-152-04. Expired on 11/15/2015).","No"
"Commercial Floor Area (CFA) - Round Hill Community Plan","Commercial Floor Area (CFA)","Douglas County, NV (DGCO)","0","0","","Yes"
"Commercial Floor Area (CFA) - South Shore Area Plan - DG","Commercial Floor Area (CFA)","Douglas County, NV (DGCO)","33,520","1","Formerly Stateline Community Plan","Yes"
"Commercial Floor Area (CFA) - South Y Industrial Tract Community Plan","Commercial Floor Area (CFA)","City of South Lake Tahoe (CSLT)","0","2","Per Caitlan's request, renamed this pool from 'South Y Ind. Tract Community Plan' to 'South Y Community Plan'. November 2015, John Hitchcock from the CSLT asked to have this renamed ""South Y Industrial Tract Community Plan"". Also note that all CFA is automatically doubled in this area per notes from the City.","Yes"
"Commercial Floor Area (CFA) - Tahoe Area Plan - WA CO","Commercial Floor Area (CFA)","Washoe County, NV (WACO)","1,800","2","This plan was adopted by the TRPA Governing Board in May 2021 and replaces all community plans and plan area statements in Washoe County.","Yes"
"Commercial Floor Area (CFA) - Tahoe Valley Area Plan","Commercial Floor Area (CFA)","City of South Lake Tahoe (CSLT)","0","13","Area Plan adopted July 2015.","Yes"
"Commercial Floor Area (CFA) - Tahoe Vista Community Plan (inactive)","Commercial Floor Area (CFA)","Placer County, CA (PLCO)","0","0","This pool was made inactive due to the adoption of the Placer County Area Plan which replaced all community plans and plan area statements within Placer County.","No"
"Commercial Floor Area (CFA) - Tourist Core Area Plan Pool - CSLT","Commercial Floor Area (CFA)","City of South Lake Tahoe (CSLT)","0","4","Formerly Stateline/Ski Run Community Plan pool","Yes"
"Commercial Floor Area (CFA) - TRPA 2012 Regional Plan Allocation (Not for Use until 1987 CFA is used)","Commercial Floor Area (CFA)","Tahoe Regional Planning Agency (TRPA)","200,000","0","The 2012 Regional Plan provides for an allocation of 200,000 square feet of CFA that will not be made available for distribution to local jurisdictions or other use until the remaining CFA from the 1987 Regional Plan is exhausted. 
Per Section 50.4 of the TRPA Code of Ordinances.","Yes"
"Commercial Floor Area (CFA) - TRPA Special Project/CEP Pool","Commercial Floor Area (CFA)","Tahoe Regional Planning Agency (TRPA)","137,191","1","Can be used for transfer incentives. ","Yes"
"Commercial Floor Area (CFA) - Washoe non-community plan (inactive)","Commercial Floor Area (CFA)","Washoe County, NV (WACO)","0","0","The 2,000 square feet of CFA that was in this pool was moved to the Tahoe Area Plan CFA pool once that area plan was adopted and this pool was made inactive. The CFA that was in this pool was what remained upon adoption of the 2012 Regional Plan.","No"
"Mooring Allocation - Additional Marina Moorings","Mooring Allocation","Tahoe Regional Planning Agency (TRPA)","0","126","Under the Shoreline Plan adopted by the TRPA Governing Board on October 24, 2018, and per TRPA Code of Ordinances Subsection 84.3.2(E)(2), TRPA may permit a maximum of 330 additional marina moorings. Per TRPA Code of Ordinances Subsection 84.3.2(E)(2)(a), additional moorings shall be allocated for use by marinas as either buoys or boat slips.
---------------------------------------------------------------------------------------
On August 28, 2024, the TRPA Governing Board approved the Meeks Bay Restoration Project. As a mitigation measure for the project, 119 moorings were returned to the Marina pool to mitigate the loss of mooring capacity and launching capacity from the permanent closure of the Meeks Bay Marina. These moorings were to be prioritized for west shore marinas (Camp Richardson, Obexers, Homewood, Sunnyside, Tahoe City Marina), but may be used for other areas as directed by the Shoreline Steering Committee.","Yes"
"Mooring Allocation - Additional Private Moorings","Mooring Allocation","Tahoe Regional Planning Agency (TRPA)","0","344","Under the Shoreline Plan adopted by the TRPA Governing Board on October 24, 2018, and per TRPA Code of Ordinances Subsection 84.3.2(E)(2), TRPA may permit a maximum of 1,486 additional private moorings. 

Per TRPA Code of Ordinances Subsection 84.3.2(E)(2)(a), additional moorings shall be used for private moorings as either buoys or boat lifts.","Yes"
"Mooring Allocation - Additional Public Agency Moorings","Mooring Allocation","Tahoe Regional Planning Agency (TRPA)","0","13","Under the Shoreline Plan adopted by the TRPA Governing Board on October 24, 2018, and per TRPA Code of Ordinances Subsection 84.3.2(E)(2) TRPA may permit a maximum of 300 additional public agency moorings. 
Per TRPA Code of Ordinances Subsection 84.3.2(E)(2)(a), additional moorings shall be allocated for use by public agencies for use as buoys or boat slips.","Yes"
"Persons-at-one-time (PAOT) - Bijou Meadow (101)","Persons-at-one-time (PAOT)","Tahoe Regional Planning Agency (TRPA)","0","0","","Yes"
"Persons-at-one-time (PAOT) - Bijou/Al Tahoe Community Plan (098)","Persons-at-one-time (PAOT)","Tahoe Regional Planning Agency (TRPA)","0","0","","Yes"
"Persons-at-one-time (PAOT) - Carnelian Bay Subdivision (016B)","Persons-at-one-time (PAOT)","Tahoe Regional Planning Agency (TRPA)","0","0","","Yes"
"Persons-at-one-time (PAOT) - County Club Meadow 9119)","Persons-at-one-time (PAOT)","Tahoe Regional Planning Agency (TRPA)","0","0","","Yes"
"Persons-at-one-time (PAOT) - East Shore (055)","Persons-at-one-time (PAOT)","Tahoe Regional Planning Agency (TRPA)","0","0","","Yes"
"Persons-at-one-time (PAOT) - Elk Point (069)","Persons-at-one-time (PAOT)","Tahoe Regional Planning Agency (TRPA)","0","0","","Yes"
"Persons-at-one-time (PAOT) - Incline Lake (052)","Persons-at-one-time (PAOT)","Tahoe Regional Planning Agency (TRPA)","0","0","","Yes"
"Persons-at-one-time (PAOT) - Incline Village Tourist Community Plan (048)","Persons-at-one-time (PAOT)","Tahoe Regional Planning Agency (TRPA)","0","0","","Yes"
"Persons-at-one-time (PAOT) - Kinsbury Drainage (080)","Persons-at-one-time (PAOT)","Tahoe Regional Planning Agency (TRPA)","0","0","","Yes"
"Persons-at-one-time (PAOT) - Lake Forest (008)","Persons-at-one-time (PAOT)","Tahoe Regional Planning Agency (TRPA)","0","0","","Yes"
"Persons-at-one-time (PAOT) - Marla Bay/Zephyr Heights (067)","Persons-at-one-time (PAOT)","Tahoe Regional Planning Agency (TRPA)","0","0","","Yes"
"Persons-at-one-time (PAOT) - Meyers Community Plan (125)","Persons-at-one-time (PAOT)","Tahoe Regional Planning Agency (TRPA)","0","0","","Yes"
"Persons-at-one-time (PAOT) - Overnight PAOT- Martis Peak (019)","Persons-at-one-time (PAOT)","Tahoe Regional Planning Agency (TRPA)","124","0","","Yes"
"Persons-at-one-time (PAOT) - Overnight PAOT- Watson Creek (013)","Persons-at-one-time (PAOT)","Tahoe Regional Planning Agency (TRPA)","400","0","","Yes"
"Persons-at-one-time (PAOT) - Overnight PAOT- Zephyr Cove (066)","Persons-at-one-time (PAOT)","Tahoe Regional Planning Agency (TRPA)","200","0","","Yes"
"Persons-at-one-time (PAOT) - Overnight PAOT-64 Acre Tract (174)","Persons-at-one-time (PAOT)","Tahoe Regional Planning Agency (TRPA)","50","0","","Yes"
"Persons-at-one-time (PAOT) - Overnight PAOT-Burton Creek (004)","Persons-at-one-time (PAOT)","Tahoe Regional Planning Agency (TRPA)","568","0","","Yes"
"Persons-at-one-time (PAOT) - Overnight PAOT-Fallen Leaf North (153)","Persons-at-one-time (PAOT)","Tahoe Regional Planning Agency (TRPA)","990","0","","Yes"
"Persons-at-one-time (PAOT) - Overnight PAOT-Homewood/Tahoe Ski Bowl (157)","Persons-at-one-time (PAOT)","Tahoe Regional Planning Agency (TRPA)","450","0","","Yes"
"Persons-at-one-time (PAOT) - Overnight PAOT-North Tahoe Recreation Area (024A)","Persons-at-one-time (PAOT)","Tahoe Regional Planning Agency (TRPA)","200","0","","Yes"
"Persons-at-one-time (PAOT) - Overnight PAOT-Rabe (070B)","Persons-at-one-time (PAOT)","Tahoe Regional Planning Agency (TRPA)","288","1","","Yes"
"Persons-at-one-time (PAOT) - Overnight PAOT-Sugar Pine Point (153)","Persons-at-one-time (PAOT)","Tahoe Regional Planning Agency (TRPA)","900","0","","Yes"
"Persons-at-one-time (PAOT) - Overnight PAOT-Upper Ward Valley (Alpine) (166)","Persons-at-one-time (PAOT)","Tahoe Regional Planning Agency (TRPA)","280","0","","Yes"
"Persons-at-one-time (PAOT) - Overnight Use Reserved Pool","Persons-at-one-time (PAOT)","Tahoe Regional Planning Agency (TRPA)","668","0","","Yes"
"Persons-at-one-time (PAOT) - Round Hill/Tahoe Dempsey (072)","Persons-at-one-time (PAOT)","Tahoe Regional Planning Agency (TRPA)","0","0","","Yes"
"Persons-at-one-time (PAOT) - Round Mound (068)","Persons-at-one-time (PAOT)","Tahoe Regional Planning Agency (TRPA)","0","0","","Yes"
"Persons-at-one-time (PAOT) - Snow Creek (024B)","Persons-at-one-time (PAOT)","Tahoe Regional Planning Agency (TRPA)","0","0","","Yes"
"Persons-at-one-time (PAOT) - Spooner Lake (057)","Persons-at-one-time (PAOT)","Tahoe Regional Planning Agency (TRPA)","390","0","","Yes"
"Persons-at-one-time (PAOT) - Stateline/Ski Run Community Plan (089B/91)","Persons-at-one-time (PAOT)","Tahoe Regional Planning Agency (TRPA)","0","0","","Yes"
"Persons-at-one-time (PAOT) - Summer Day Use Reserved Pool","Persons-at-one-time (PAOT)","Tahoe Regional Planning Agency (TRPA)","1,780","4","","Yes"
"Persons-at-one-time (PAOT) - Summer Day Use Reserved Pool (Marina)","Persons-at-one-time (PAOT)","Tahoe Regional Planning Agency (TRPA)","1,771","1","Per the Marina Master Plan Guidelines, accessory marina uses do not require PAOTS as they normally cater to persons already using a marina and do not represent additional service capacity. However, certain uses would draw in and serve more people so they are not considered accessory and do require PAOTs. Jet ski rentals are one example that would require summer day use PAOTs. PAOTs for these non-accessory uses should not be drawn from the marina reserve PAOT pool.","Yes"
"Persons-at-one-time (PAOT) - Summer PAOT- Tahoe City Community Plan","Persons-at-one-time (PAOT)","Tahoe Regional Planning Agency (TRPA)","580","0","","Yes"
"Persons-at-one-time (PAOT) - Summer PAOT-Carnelian Bay Community Plan (017)","Persons-at-one-time (PAOT)","Tahoe Regional Planning Agency (TRPA)","40","0","","Yes"
"Persons-at-one-time (PAOT) - Summer PAOT-Heavenly Valley California (087)","Persons-at-one-time (PAOT)","Tahoe Regional Planning Agency (TRPA)","0","0","","Yes"
"Persons-at-one-time (PAOT) - Summer PAOT-Kings Beach Commercial Community Plan (029)","Persons-at-one-time (PAOT)","Tahoe Regional Planning Agency (TRPA)","730","0","","Yes"
"Persons-at-one-time (PAOT) - Summer PAOT-Round Hill Community Plan (071)","Persons-at-one-time (PAOT)","Tahoe Regional Planning Agency (TRPA)","25","0","","Yes"
"Persons-at-one-time (PAOT) - Tahoe Vista Community Plan (022)","Persons-at-one-time (PAOT)","Tahoe Regional Planning Agency (TRPA)","0","0","","Yes"
"Persons-at-one-time (PAOT) - Winter PAOT-Heavenly Valley California (087)","Persons-at-one-time (PAOT)","Tahoe Regional Planning Agency (TRPA)","745","0","","Yes"
"Persons-at-one-time (PAOT) - Winter PAOT-Heavenly Valley Nevada (086)","Persons-at-one-time (PAOT)","Tahoe Regional Planning Agency (TRPA)","120","1","The amount remaining as entered in 2014 already included the PAOTs for the North Bowl lift which was approved in 2007 but was not constructed although the PAOTs were deducted from the PAS PAOT pool. A permit for the North Bowl Lift with the same capacity and PAOTs as the 2007 permit was re-approved in 2022. Because the PAOTs were previously deducted, no PAOTs were allocated for the lift in 2022.","Yes"
"Persons-at-one-time (PAOT) - Winter PAOT-Homewood/Tahoe Ski Bowl (157)","Persons-at-one-time (PAOT)","Tahoe Regional Planning Agency (TRPA)","1,100","0","","Yes"
"Persons-at-one-time (PAOT) - Winter PAOT-Incline Ski (052)","Persons-at-one-time (PAOT)","Tahoe Regional Planning Agency (TRPA)","0","0","","Yes"
"Persons-at-one-time (PAOT) - Winter PAOT-North Star (015)","Persons-at-one-time (PAOT)","Tahoe Regional Planning Agency (TRPA)","1,000","0","","Yes"
"Persons-at-one-time (PAOT) - Winter PAOT-Upper Ward Valley (Alpine) (166)","Persons-at-one-time (PAOT)","Tahoe Regional Planning Agency (TRPA)","4,000","0","","Yes"
"Pier Allocation - Additional Private Piers in Douglas Co., NV","Pier Allocation","Tahoe Regional Planning Agency (TRPA)","0","10","Under the Shoreline Plan adopted by the TRPA Governing Board on October 24, 2018, TRPA may permit a maximum of 21 additional private piers in the Douglas/Carson quadrant per TRPA Code of Ordinances, section 84.4.4.D.  ","Yes"
"Pier Allocation - Additional Private Piers in El Dorado County, CA","Pier Allocation","Tahoe Regional Planning Agency (TRPA)","0","3","Under the Shoreline Plan adopted by the TRPA Governing Board on October 24, 2018, TRPA may permit a maximum of 28 additional private piers in the El Dorado quadrant per TRPA Code of Ordinances, section 84.4.4.D.  ","Yes"
"Pier Allocation - Additional Private Piers in Placer Co., CA","Pier Allocation","Tahoe Regional Planning Agency (TRPA)","0","26","Under the Shoreline Plan adopted by the TRPA Governing Board on October 24, 2018, TRPA may permit a maximum of 58 additional private piers in the Placer quadrant per TRPA Code of Ordinances, section 84.4.4.D.  ","Yes"
"Pier Allocation - Additional Private Piers in Washoe Co., NV","Pier Allocation","Tahoe Regional Planning Agency (TRPA)","0","8","Under the Shoreline Plan adopted by the TRPA Governing Board on October 24, 2018, TRPA may permit a maximum of 21 additional private piers in the Washoe quadrant per TRPA Code of Ordinances, section 84.4.4.D.  ","Yes"
"Pier Allocation - Additional Public Piers","Pier Allocation","Tahoe Regional Planning Agency (TRPA)","0","0","Under the Shoreline Plan adopted by the TRPA Governing Board on October 24, 2018, TRPA may permit a maximum of 10 additional public piers per TRPA Code of Ordinances, section 84.4.4.","Yes"
"Residential Allocation - City of South Lake Tahoe","Residential Allocation","City of South Lake Tahoe (CSLT)","0","222","For information about the City of South Lake Tahoe Residential Allocation program, visit: https://www.cityofslt.us/152/Residential-Allocation-Waiting-Lists","Yes"
"Residential Allocation - CSLT - Multi-Family Pool","Residential Allocation","City of South Lake Tahoe (CSLT)","52","9","City of South Lake Tahoe Resolution Number 2018-46 (https://cityofslt.us/DocumentCenter/View/12081) adopted by the City Council specifies the policy and procedures for the distribution of allocations. 
Beginning with the 2021/2022 allocations release, TRPA will distribute Residential Allocations into separate pools for Single-Family, Multi-Family, and Town Centers, per instructions from the City.
","Yes"
"Residential Allocation - CSLT - Single-Family Pool","Residential Allocation","City of South Lake Tahoe (CSLT)","83","65","City of South Lake Tahoe Resolution Number 2018-46 (https://cityofslt.us/DocumentCenter/View/12081) adopted by the City Council specifies the policy and procedures for the distribution of allocations. 
Beginning with the 2021/2022 allocations release, TRPA will distribute Residential Allocations into separate pools for Single-Family, Multi-Family, and Town Centers, per instructions from the City.","Yes"
"Residential Allocation - CSLT - Town Center Pool","Residential Allocation","City of South Lake Tahoe (CSLT)","51","8","City of South Lake Tahoe Resolution Number 2018-46 (https://cityofslt.us/DocumentCenter/View/12081) adopted by the City Council specifies the policy and procedures for the distribution of allocations. 
Beginning with the 2021/2022 allocations release, TRPA will distribute Residential Allocations into separate pools for Single-Family, Multi-Family, and Town Centers, per instructions from the City.
","Yes"
"Residential Allocation - Douglas County","Residential Allocation","Douglas County, NV (DGCO)","93","81","","Yes"
"Residential Allocation - El Dorado County","Residential Allocation","El Dorado County, CA (ELDO)","98","447","El Dorado County information on Residential Allocation Disbursement Programs:  https://www.edcgov.us/Government/building/Documents/Allocation%20Program%20SOP%20%28Feb%202021%29.pdf

Applications for El Dorado County allocations are available at https://www.edcgov.us/Government/building/Pages/lake_tahoe_basin_allocation_process.aspx

","Yes"
"Residential Allocation - Placer County","Residential Allocation","Placer County, CA (PLCO)","349","206","","Yes"
"Residential Allocation - TRPA Pool","Residential Allocation","Tahoe Regional Planning Agency (TRPA)","144","20","When processing transactions out of this pool, use the ""Allocation Assignment"" transaction type even though the transaction may not be a TRPA Allocation Assignment permit/application. Some allocations can be granted from this pool for transfer incentives.","Yes"
"Residential Allocation - Washoe County","Residential Allocation","Washoe County, NV (WACO)","135","61","","Yes"
"Residential Bonus Unit (RBU) - Bijou/Al Tahoe Community Plan","Residential Bonus Unit (RBU)","City of South Lake Tahoe (CSLT)","0","2","Must be used for Affordable for now (Moderate/Achievable/Market only after those run out and only if there are enough Affordable left in the pools).","Yes"
"Residential Bonus Unit (RBU) - Greater Tahoe City Mixed Use Subdistrict","Residential Bonus Unit (RBU)","Placer County, CA (PLCO)","12","1","This pool was formerly called ""Tahoe City Community Plan"" but was renamed in 2018 to align with the new Placer County Area Plan. Must be used for Affordable for now (Moderate/Achievable/Market only after those run out and only if there are enough Affordable left in the pools).","Yes"
"Residential Bonus Unit (RBU) - Incline Village Com. Community Plan (inactive)","Residential Bonus Unit (RBU)","Washoe County, NV (WACO)","0","0","Must be used for Affordable for now (Moderate/Achievable/Market only after those run out and only if there are enough Affordable left in the pools).

The 14 units that were in this pool were moved to the Tahoe Area Plan residential bonus unit pool once that area plan was adopted and this pool was made inactive. The bonus units that were in this pool were what was remaining as of 5/2011; 20 from 2001 Threshold Amendments less 6.","No"
"Residential Bonus Unit (RBU) - Incline Village Tourist Community Plan (inactive)","Residential Bonus Unit (RBU)","Washoe County, NV (WACO)","0","0","Must be used for Affordable for now (Moderate/Achievable/Market only after those run out and only if there are enough Affordable left in the pools).

The 19 units that were in this pool were moved to the Tahoe Area Plan residential bonus unit pool once that area plan was adopted and this pool was made inactive. The bonus units that were in this pool were what was remaining as of 5/2011; 110 from 2001 Threshold Amendments less 91.","No"
"Residential Bonus Unit (RBU) - North Tahoe East Mixed Use Subdistrict","Residential Bonus Unit (RBU)","Placer County, CA (PLCO)","13","0","Formerly called the ""CA North State Community Plan""; changed in 2018 to align with the new Placer County Area Plan. Must be used for Affordable for now (Moderate/Achievable/Market only after those run out and only if there are enough Affordable left in the pools).","Yes"
"Residential Bonus Unit (RBU) - North Tahoe West Mixed Use Subdistrict","Residential Bonus Unit (RBU)","Placer County, CA (PLCO)","16","1","Formerly the Tahoe Vista Community Plan pool; pool was changed in 2018 to reflect the Placer County Tahoe Basin Area Plan. Must be used for Affordable for now (Moderate/Achievable/Market only after those run out and only if there are enough Affordable left in the pools)","Yes"
"Residential Bonus Unit (RBU) - NV North Stateline Community Plan (inactive)","Residential Bonus Unit (RBU)","Washoe County, NV (WACO)","0","0","Per NV North Stateline Community Plan. Must be used for Affordable for now (Moderate/Achievable/Market only after those run out and only if there are enough Affordable left in the pools).

The 37 units that were in this pool were moved to the Tahoe Area Plan residential bonus unit pool once that area plan was adopted and this pool was made inactive. The bonus units that were in this pool were what was remaining as of RPU FEIS.","No"
"Residential Bonus Unit (RBU) - Placer County General","Residential Bonus Unit (RBU)","Placer County, CA (PLCO)","0","0","This pool was created due to the adoption of the Placer County Area Plan   which replaced all community plans and plan area statements within Placer County.","Yes"
"Residential Bonus Unit (RBU) - Ponderosa Ranch Community Plan (inactive)","Residential Bonus Unit (RBU)","Washoe County, NV (WACO)","0","0","Must be used for Affordable for now (Moderate/Achievable/Market only after those run out and only if there are enough Affordable left in the pools).

The 50 units that were in this pool were moved to the Tahoe Area Plan residential bonus unit pool once that area plan was adopted and this pool was made inactive. The bonus units that were in this pool were what was remaining as of 5/2011; distributed by 2001 Threshold Amendments Ordinance 2002-7.","No"
"Residential Bonus Unit (RBU) - South Shore Area Plan - DG","Residential Bonus Unit (RBU)","Douglas County, NV (DGCO)","67","0","Formerly Kingsbury Community Plan. Must be used for Affordable for now (Moderate/Achievable/Market only after those run out and only if there are enough Affordable left in the pools)","Yes"
"Residential Bonus Unit (RBU) - Tahoe Area Plan - WA CO","Residential Bonus Unit (RBU)","Washoe County, NV (WACO)","116","2","This plan was adopted by the TRPA Governing Board in May 2021 and replaces all community plans and plan area statements in Washoe County.","Yes"
"Residential Bonus Unit (RBU) - Tourist Core Area Plan","Residential Bonus Unit (RBU)","City of South Lake Tahoe (CSLT)","14","1","This pool was formerly called the ""Stateline/Ski Run Community Plan"" and was changed upon adoption of the Tourist Core Area Plan which replaced the community plan. Must be used for Affordable for now (Moderate/Achievable/Market only after those run out and only if there are enough Affordable left in the pools)","Yes"
"Residential Bonus Unit (RBU) - TRPA Bonus Unit Pool - Affordable","Residential Bonus Unit (RBU)","Tahoe Regional Planning Agency (TRPA)","46","11","Must be used for affordable. Note that the units reserved for Homewood and Boulder Bay carry over from the CEP project pool which was retired. There are transactions from this pool to hold these units.

December 2023: 8 units that were reserved for the Aspens Phase 2 project, were returned to the Affordable pool. The units were already taken from the TRPA pool before the RPU and were never returned, so this reservation was duplicate. 
","Yes"
"Residential Bonus Unit (RBU) - TRPA Bonus Unit Pool - Moderate/Achievable","Residential Bonus Unit (RBU)","Tahoe Regional Planning Agency (TRPA)","75","39","Must be used for moderate/achievable.","Yes"
"Residential Bonus Unit (RBU) - TRPA Centers Pool - Moderate/Achievable","Residential Bonus Unit (RBU)","Tahoe Regional Planning Agency (TRPA)","119","10","Must be used in Centers; must be used for moderate or achievable housing.","Yes"
"Residential Bonus Unit (RBU) - TRPA Centers Pool - Transfer Incentives Pool (Any)","Residential Bonus Unit (RBU)","Tahoe Regional Planning Agency (TRPA)","263","3","Must be used in centers; can be used for market-rate. affordable, moderate, or achievable. Use for market-rate first. Affordable, moderate, and achievable should draw from the other pools until they are used up.","Yes"
"Residential Bonus Unit (RBU) - TRPA Community Enhancement Project (CEP) pool (inactive)","Residential Bonus Unit (RBU)","Tahoe Regional Planning Agency (TRPA)","0","0","To be returned to the TRPA pool if unused. 12 units reserved for Homewood; 24 units reserved for Boulder Bay. The 245 units remaining in the pool (including those reserved for Homewood and Boulder Bay) were returned to the TRPA pool June 2019 and this pool was retired (deactivated).","No"
"Residential Bonus Unit (RBU) - TRPA Pool (inactive)","Residential Bonus Unit (RBU)","Tahoe Regional Planning Agency (TRPA)","0","2","These can be used anywhere (outside centers). Used for affordable housing or transfer incentives. This pool was retired in June 2019 and the remaining 279 units in the pool were moved to the TRPA bonus unit pools for affordable and moderate/achievable.","No"
"Tourist Accommodation Unit (TAU) - Bijou/Al Tahoe CP","Tourist Accommodation Unit (TAU)","City of South Lake Tahoe (CSLT)","0","0","","Yes"
"Tourist Accommodation Unit (TAU) - Carnelian Bay CP (inactive)","Tourist Accommodation Unit (TAU)","Placer County, CA (PLCO)","0","0","This pool became inactive with the adoption of the Placer County Area Plan. ","No"
"Tourist Accommodation Unit (TAU) - Greater Tahoe City Mixed Use Subdistrict","Tourist Accommodation Unit (TAU)","Placer County, CA (PLCO)","25","0","This pool was formerly called ""Tahoe City CP"" but was renamed in 2018 to align with the new Placer County Area Plan.","Yes"
"Tourist Accommodation Unit (TAU) - Incline Village Com. CP (inactive)","Tourist Accommodation Unit (TAU)","Washoe County, NV (WACO)","0","0","This pool became inactive once the Washoe County Tahoe Area Plan was adopted in May 2021.","No"
"Tourist Accommodation Unit (TAU) - Incline Village Tourist CP (inactive)","Tourist Accommodation Unit (TAU)","Washoe County, NV (WACO)","0","0","This pool became inactive once the Washoe County Tahoe Area Plan was adopted in May 2021.","No"
"Tourist Accommodation Unit (TAU) - Kings Beach Commercial Town Center","Tourist Accommodation Unit (TAU)","Placer County, CA (PLCO)","0","0","This pool was formerly call the ""Kings Beach CP"" but was renamed in 2018 to align with the new Placer County Area Plan.","Yes"
"Tourist Accommodation Unit (TAU) - Kings Beach Ind. CP (inactive)","Tourist Accommodation Unit (TAU)","Placer County, CA (PLCO)","0","0","This pool became inactive with the adoption of the Placer County Area Plan.","No"
"Tourist Accommodation Unit (TAU) - Kingsbury CP","Tourist Accommodation Unit (TAU)","Douglas County, NV (DGCO)","0","0","","Yes"
"Tourist Accommodation Unit (TAU) - Meyers Area Plan","Tourist Accommodation Unit (TAU)","El Dorado County, CA (ELDO)","10","0","This pool was formerly called the ""Meyers CP"" and was renamed following the adoption of the Meyers Area Plan.","Yes"
"Tourist Accommodation Unit (TAU) - Nevada North Stateline Community Plan (inactive)","Tourist Accommodation Unit (TAU)","Washoe County, NV (WACO)","0","0","The 33 units that were in this pool were moved to the Tahoe Area Plan tourist accommodation unit pool once that area plan was adopted and this pool was made inactive. 

The units in this pool were the estimate of what was remaining at program launch and was 33 less 31 for Boulder Bay.","No"
"Tourist Accommodation Unit (TAU) - North Tahoe East Mixed Use Subdistrict","Tourist Accommodation Unit (TAU)","Placer County, CA (PLCO)","12","0","Created in 2012 when the North Stateline Community Plan (45 remaining units) was split into California North Stateline Community Plan (12 units) and Nevada North Stateline Community Plan (33 units). 

This plan was formerly called ""California North Stateline Community Plan (032)"" but in 2018 the name was changed to align with the new Placer County Area Plan.
","Yes"
"Tourist Accommodation Unit (TAU) - Ponderosa Ranch CP (inactive)","Tourist Accommodation Unit (TAU)","Washoe County, NV (WACO)","0","0","This pool became inactive once the Washoe County Tahoe Area Plan was adopted in May 2021.","No"
"Tourist Accommodation Unit (TAU) - Round Hill CP","Tourist Accommodation Unit (TAU)","Douglas County, NV (DGCO)","0","0","","Yes"
"Tourist Accommodation Unit (TAU) - South Shore Area Plan - DG","Tourist Accommodation Unit (TAU)","Douglas County, NV (DGCO)","25","0","Formerly Stateline Community Plan","Yes"
"Tourist Accommodation Unit (TAU) - South Y CP","Tourist Accommodation Unit (TAU)","City of South Lake Tahoe (CSLT)","0","0","","Yes"
"Tourist Accommodation Unit (TAU) - South Y Ind. Tract CP","Tourist Accommodation Unit (TAU)","City of South Lake Tahoe (CSLT)","0","0","","Yes"
"Tourist Accommodation Unit (TAU) - Tahoe Area Plan - WA CO","Tourist Accommodation Unit (TAU)","Washoe County, NV (WACO)","33","0","This plan was adopted by the TRPA Governing Board in May 2021 and replaces all community plans and plan area statements in Washoe County. These are considered ""Bonus"" TAUs and cannot be converted to another development right. Per the Area Plan, bonus development rights may be awarded by TRPA for proposals that remove development from sensitive lands and relocate it in Town Centers.  
NOTE: 31 of these TAUs are being reserved for Boulder Bay.","Yes"
"Tourist Accommodation Unit (TAU) - Tahoe Vista CP (inactive)","Tourist Accommodation Unit (TAU)","Placer County, CA (PLCO)","0","0","This pool became inactive with the adoption of the Placer County Area Plan.","No"
"Tourist Accommodation Unit (TAU) - Tourist Core Area Plan Pool - CSLT","Tourist Accommodation Unit (TAU)","City of South Lake Tahoe (CSLT)","25","0","Formerly Stateline/Ski Run Community Plan","Yes"
"Tourist Accommodation Unit (TAU) - TRPA Pool","Tourist Accommodation Unit (TAU)","Tahoe Regional Planning Agency (TRPA)","34","4","Can be used for transfer incentives and environmentally beneficial projects.","Yes"
"Tourist Accommodation Unit (TAU) - Unassigned to CPs","Tourist Accommodation Unit (TAU)","Tahoe Regional Planning Agency (TRPA)","40","0","","Yes"
"","","","508,243","1,782","",""